use filmawka;

insert into users(user_id, first_name, last_name, create_date, is_active, nick, email, is_moderator) values (1, 'George', 'Washington', '2019-4-01', 1, 'gwashington', 'george.washington@example.com', true);
insert into users(user_id, first_name, last_name, create_date, is_active, nick, email, is_moderator) values (2, 'John', 'Adams', '2019-4-01', 1, 'jadams' , 'john.adams@example.com', false);
insert into users(user_id, first_name, last_name, create_date, is_active, nick, email, is_moderator) values (3, 'Thomas', 'Jefferson', '2019-4-01', 1, 'tjefferson' , 'thomas.jefferson@example.com', false);
insert into users(user_id, first_name, last_name, create_date, is_active, nick, email, is_moderator) values (4, 'James', 'Madison', '2019-4-01', 1, 'jmadison' , 'james.madison@example.com', false);
insert into users(user_id, first_name, last_name, create_date, is_active, nick, email, is_moderator) values (5, 'James', 'Monroe', '2019-4-01', 1, 'jmonroe' , 'james.monroe@example.com', false);
insert into users(user_id, first_name, last_name, create_date, is_active, nick, email, is_moderator) values (6, 'John', 'Adams', '2019-4-01', 1, 'jadams2' , 'john2.adams@example.com', false);
insert into users(user_id, first_name, last_name, create_date, is_active, nick, email, is_moderator) values (7, 'Andrew', 'Jackson', '2019-4-01', 1, 'ajackson' , 'andrew.jackson@example.com', false);
insert into users(user_id, first_name, last_name, create_date, is_active, nick, email, is_moderator) values (8, 'Martin', 'Van Buren', '2019-4-01', 1, 'mburen' , 'martin.buren@example.com', false);
insert into users(user_id, first_name, last_name, create_date, is_active, nick, email, is_moderator) values (9, 'William', 'Harrison', '2019-4-01', 1, 'wharrison' , 'william.harrison@example.com', false);
insert into users(user_id, first_name, last_name, create_date, is_active, nick, email, is_moderator) values (10, 'John', 'Tyler', '2019-4-01', 1, 'jtyler' , 'john.tyler@example.com', false);
insert into users(user_id, first_name, last_name, create_date, is_active, nick, email, is_moderator) values (11, 'James', 'Polk', '2019-4-01', 1, 'jpolk' , 'james.polk@example.com', false);
insert into users(user_id, first_name, last_name, create_date, is_active, nick, email, is_moderator) values (12, 'Zachary', 'Taylor', '2019-4-01', 1, 'ztaylor' , 'zachary.taylor@example.com', false);
insert into users(user_id, first_name, last_name, create_date, is_active, nick, email, is_moderator) values (13, 'Millard', 'Fillmore', '2019-4-01', 1, 'mfillmore' , 'millard.fillmore@example.com', false);
insert into users(user_id, first_name, last_name, create_date, is_active, nick, email, is_moderator) values (14, 'Franklin', 'Pierce', '2019-4-01', 1, 'fpierce' , 'franklin.pierce@example.com', false);
insert into users(user_id, first_name, last_name, create_date, is_active, nick, email, is_moderator) values (15, 'James', 'Buchanan', '2019-4-01', 1, 'jbuchanan' , 'james.buchanan@example.com', false);
insert into users(user_id, first_name, last_name, create_date, is_active, nick, email, is_moderator) values (16, 'Abraham', 'Lincoln', '2019-4-01', 1, 'alincoln' , 'abraham.lincoln@example.com', false);
insert into users(user_id, first_name, last_name, create_date, is_active, nick, email, is_moderator) values (17, 'Andrew', 'Johnson', '2019-4-01', 1, 'ajohnson' , 'andrew.johnson@example.com', false);
insert into users(user_id, first_name, last_name, create_date, is_active, nick, email, is_moderator) values (18, 'Ulysses', 'Grant', '2019-4-01', 1, 'ugrant' , 'ulysses.grant@example.com', false);
insert into users(user_id, first_name, last_name, create_date, is_active, nick, email, is_moderator) values (19, 'Rutherford', 'Hayes', '2019-4-01', 1, 'rhayes' , 'rutherford.hayes@example.com', false);
insert into users(user_id, first_name, last_name, create_date, is_active, nick, email, is_moderator) values (20, 'James', 'Garfield', '2019-4-01', 1, 'jgarfield' , 'james.garfield@example.com', false);
insert into users(user_id, first_name, last_name, create_date, is_active, nick, email, is_moderator) values (21, 'Chester', 'Arthur', '2019-4-01', 1, 'carthur' , 'chester.arthur@example.com', false);
insert into users(user_id, first_name, last_name, create_date, is_active, nick, email, is_moderator) values (22, 'Grover', 'Cleveland', '2019-4-01', 1, 'gcleveland' , 'grover.cleveland@example.com', false);
insert into users(user_id, first_name, last_name, create_date, is_active, nick, email, is_moderator) values (23, 'Benjamin', 'Harrison', '2019-4-01', 1, 'bharrison' , 'benjamin.harrison@example.com', false);
insert into users(user_id, first_name, last_name, create_date, is_active, nick, email, is_moderator) values (24, 'William', 'McKinley', '2019-4-01', 1, 'wmckinley' , 'william.mckinley@example.com', false);
insert into users(user_id, first_name, last_name, create_date, is_active, nick, email, is_moderator) values (25, 'Theodore', 'Roosevelt', '2019-4-01', 1, 'troosevelt' , 'theodore.roosevelt@example.com', false);
insert into users(user_id, first_name, last_name, create_date, is_active, nick, email, is_moderator) values (26, 'William', 'Taft', '2019-4-01', 1, 'wtaft' , 'william.taft@example.com', false);
insert into users(user_id, first_name, last_name, create_date, is_active, nick, email, is_moderator) values (27, 'Woodrow', 'Wilson', '2019-4-01', 1, 'wwilson' , 'woodrow.wilson@example.com', false);
insert into users(user_id, first_name, last_name, create_date, is_active, nick, email, is_moderator) values (28, 'Warren', 'Harding', '2019-4-01', 1, 'wharding' , 'warren.harding@example.com', false);
insert into users(user_id, first_name, last_name, create_date, is_active, nick, email, is_moderator) values (29, 'Calvin', 'Coolidge', '2019-4-01', 1, 'ccoolidge' , 'calvin.coolidge@example.com', false);
insert into users(user_id, first_name, last_name, create_date, is_active, nick, email, is_moderator) values (30, 'Herbert', 'Hoover', '2019-4-01', 1, 'hhoover' , 'herbert.hoover@example.com', false);
insert into users(user_id, first_name, last_name, create_date, is_active, nick, email, is_moderator) values (31, 'Franklin', 'Roosevelt', '2019-4-01', 1, 'froosevelt' , 'franklin.roosevelt@example.com', false);
insert into users(user_id, first_name, last_name, create_date, is_active, nick, email, is_moderator) values (32, 'Harry', 'Truman', '2019-4-01', 1, 'htruman' , 'harry.truman@example.com', false);
insert into users(user_id, first_name, last_name, create_date, is_active, nick, email, is_moderator) values (33, 'Dwigth', 'Eisenhower', '2019-4-01', 1, 'deisenhower' , 'dwight.eisenhower@example.com', false);
insert into users(user_id, first_name, last_name, create_date, is_active, nick, email, is_moderator) values (34, 'John', 'Kennedy', '2019-4-01', 1, 'jkennedy' , 'john.kennedy@example.com', false);
insert into users(user_id, first_name, last_name, create_date, is_active, nick, email, is_moderator) values (35, 'Lyndon', 'Johnson', '2019-4-01', 1, 'ljohnson' , 'lyndon.johnson@example.com', false);
insert into users(user_id, first_name, last_name, create_date, is_active, nick, email, is_moderator) values (36, 'Richard', 'Nixon', '2019-4-01', 1, 'rnixon' , 'richard.nixon@example.com', false);
insert into users(user_id, first_name, last_name, create_date, is_active, nick, email, is_moderator) values (37, 'Gerald', 'Ford', '2019-4-01', 1, 'gford' , 'gerald.ford@example.com', false);
insert into users(user_id, first_name, last_name, create_date, is_active, nick, email, is_moderator) values (38, 'Jimmy', 'Carter', '2019-4-01', 1, 'gcarter' , 'jimmy.carter@example.com', false);
insert into users(user_id, first_name, last_name, create_date, is_active, nick, email, is_moderator) values (39, 'Ronald', 'Reagan', '2019-4-01', 1, 'rreagan' , 'ronald.reagan@example.com', false);
insert into users(user_id, first_name, last_name, create_date, is_active, nick, email, is_moderator) values (40, 'George', 'Bush', '2019-4-01', 1, 'gbush' , 'george.bush@example.com', false);
insert into users(user_id, first_name, last_name, create_date, is_active, nick, email, is_moderator) values (41, 'Barack', 'Obama', '2019-4-01', 1, 'bobama' , 'barack.obama@example.com', false);
insert into users(user_id, first_name, last_name, create_date, is_active, nick, email, is_moderator) values (42, 'Donald', 'Trump', '2019-4-01', 1, 'dtrump' , 'donald.trump@example.com', false);

insert into passwords(password_id, user_id, password_hash) values (1, 1, '16d7a4fca7442dda3ad93c9a726597e4');
insert into passwords(password_id, user_id, password_hash) values (2, 2, 'd706fcd0e4bc5e17119f2975dd9e6cce');
insert into passwords(password_id, user_id, password_hash) values (3, 3, '5bbe710362ae02bf5003e7fc1cea9b88');
insert into passwords(password_id, user_id, password_hash) values (4, 4, '1c2a9b6e8eed5443e44ea165d86a0223');
insert into passwords(password_id, user_id, password_hash) values (5, 5, '889c91448849a13e139ef660541a51ab');
insert into passwords(password_id, user_id, password_hash) values (6, 6, 'fe28bea3f0e4521d20d7e6db4abbaf1d');
insert into passwords(password_id, user_id, password_hash) values (7, 7, '4a9e003aef729d53b8df8f0de8197d45');
insert into passwords(password_id, user_id, password_hash) values (8, 8, '2551a7c826aa13e6cc893ec6a889f310');
insert into passwords(password_id, user_id, password_hash) values (9, 9, 'ec6ce087094ac7cb3278fab6a7560987');
insert into passwords(password_id, user_id, password_hash) values (10, 10, 'ec6ce087094ac7cb3278fab6a7560987');
insert into passwords(password_id, user_id, password_hash) values (11, 11, '1bf46663869b6886e71bd78f501e9fa1');
insert into passwords(password_id, user_id, password_hash) values (12, 12, '45622c37f9066b965d753b3d957e1e69');
insert into passwords(password_id, user_id, password_hash) values (13, 13, 'ee2b388d656be145a727d55dcac790ff');
insert into passwords(password_id, user_id, password_hash) values (14, 14, '4fab3d33478f6559897b2248d177eeec');
insert into passwords(password_id, user_id, password_hash) values (15, 15, '078e615b7f40b73f5df9cdee319c6adf');
insert into passwords(password_id, user_id, password_hash) values (16, 16, '6e5d4814d35d0e819b46ca05753b7a9d');
insert into passwords(password_id, user_id, password_hash) values (17, 17, '6dcc57d141aa0673d5cfb8d854f4afdf');
insert into passwords(password_id, user_id, password_hash) values (18, 18, 'fc60a14fe016a22e24e8ec0df4c8ca3c');
insert into passwords(password_id, user_id, password_hash) values (19, 19, '11a7bc2acbe4a1c1046e49c9594eb2ad');
insert into passwords(password_id, user_id, password_hash) values (20, 20, '790119dc20c9c88fafb8c1387a215939');
insert into passwords(password_id, user_id, password_hash) values (21, 21, '790119dc20c9c88fafb8c1387a215939');
insert into passwords(password_id, user_id, password_hash) values (22, 22, '256b8288d91897cd0c1ea371cc5f1769');
insert into passwords(password_id, user_id, password_hash) values (23, 23, 'd4c98ba7b2409a3312e553743ce40133');
insert into passwords(password_id, user_id, password_hash) values (24, 24, 'd9fa9f0282b6fdc2fa9aa9176b33cee6');
insert into passwords(password_id, user_id, password_hash) values (25, 25, '67e60518bbd8f457b5c0508c7974dab2');
insert into passwords(password_id, user_id, password_hash) values (26, 26, '3d1a5f47b709fd4142524332305e2425');
insert into passwords(password_id, user_id, password_hash) values (27, 27, '7ac9ff1d41cf293585a9f99da01c849f');
insert into passwords(password_id, user_id, password_hash) values (28, 28, '5e74df476ac734f39004052ccf9d7750');
insert into passwords(password_id, user_id, password_hash) values (29, 29, 'f890d6d1d2b3461ae795c00b920181cb');
insert into passwords(password_id, user_id, password_hash) values (30, 30, '7934ef494f2452b79b72ed304700c48f');
insert into passwords(password_id, user_id, password_hash) values (31, 31, '10b5fa9f841e3155b01365b466479ac1');
insert into passwords(password_id, user_id, password_hash) values (32, 32, 'c7f07244990be56471be9d0a4afaba73');
insert into passwords(password_id, user_id, password_hash) values (33, 33, '382407821535c4b660fdef3514553ee1');
insert into passwords(password_id, user_id, password_hash) values (34, 34, '0ba96592164c1146cf28ee02e9ab1cb2');
insert into passwords(password_id, user_id, password_hash) values (35, 35, '674d87fe561b329e94ce4a0ef315282a');
insert into passwords(password_id, user_id, password_hash) values (36, 36, 'c0daa21b4f58ec2da4ddd28dbe884043');
insert into passwords(password_id, user_id, password_hash) values (37, 37, '16dfba8845c5a332f5be30fcc29e4d5b');
insert into passwords(password_id, user_id, password_hash) values (38, 38, 'c44d5d9bcab9095dc1c91aef70063c9a');
insert into passwords(password_id, user_id, password_hash) values (39, 39, 'f87a672ba0f13c44f804e9649b96ecd1');
insert into passwords(password_id, user_id, password_hash) values (40, 40, '1efccead0546626b7dec68e993ce216b');
insert into passwords(password_id, user_id, password_hash) values (41, 41, 'f760ff3894d8b6c7583306926bf4b37f');
insert into passwords(password_id, user_id, password_hash) values (42, 42, 'b74391677dc7a14f9d3d49c3ece650a6');

insert into account_settings (account_settings_id, user_id, night_mode, timezone, is_newsletter) values (1, 1, 1, 'America/New_York', 1);
insert into account_settings (account_settings_id, user_id, night_mode, timezone, is_newsletter) values (2, 2, 1, 'America/New_York', 1);
insert into account_settings (account_settings_id, user_id, night_mode, timezone, is_newsletter) values (3, 3, 1, 'America/New_York', 1);
insert into account_settings (account_settings_id, user_id, night_mode, timezone, is_newsletter) values (4, 4, 1, 'America/New_York', 1);
insert into account_settings (account_settings_id, user_id, night_mode, timezone, is_newsletter) values (5, 5, 1, 'America/New_York', 1);
insert into account_settings (account_settings_id, user_id, night_mode, timezone, is_newsletter) values (6, 6, 1, 'America/New_York', 1);
insert into account_settings (account_settings_id, user_id, night_mode, timezone, is_newsletter) values (7, 7, 1, 'America/New_York', 1);
insert into account_settings (account_settings_id, user_id, night_mode, timezone, is_newsletter) values (8, 8, 1, 'America/New_York', 1);
insert into account_settings (account_settings_id, user_id, night_mode, timezone, is_newsletter) values (9, 9, 1, 'America/New_York', 1);
insert into account_settings (account_settings_id, user_id, night_mode, timezone, is_newsletter) values (10, 10, 1, 'America/New_York', 1);
insert into account_settings (account_settings_id, user_id, night_mode, timezone, is_newsletter) values (11, 11, 1, 'America/New_York', 1);
insert into account_settings (account_settings_id, user_id, night_mode, timezone, is_newsletter) values (12, 12, 1, 'America/New_York', 1);
insert into account_settings (account_settings_id, user_id, night_mode, timezone, is_newsletter) values (13, 13, 1, 'America/New_York', 1);
insert into account_settings (account_settings_id, user_id, night_mode, timezone, is_newsletter) values (14, 14, 1, 'America/New_York', 1);
insert into account_settings (account_settings_id, user_id, night_mode, timezone, is_newsletter) values (15, 15, 1, 'America/New_York', 1);
insert into account_settings (account_settings_id, user_id, night_mode, timezone, is_newsletter) values (16, 16, 1, 'America/New_York', 1);
insert into account_settings (account_settings_id, user_id, night_mode, timezone, is_newsletter) values (17, 17, 1, 'America/New_York', 1);
insert into account_settings (account_settings_id, user_id, night_mode, timezone, is_newsletter) values (18, 18, 1, 'America/New_York', 1);
insert into account_settings (account_settings_id, user_id, night_mode, timezone, is_newsletter) values (19, 19, 1, 'America/New_York', 1);
insert into account_settings (account_settings_id, user_id, night_mode, timezone, is_newsletter) values (20, 20, 1, 'America/New_York', 1);
insert into account_settings (account_settings_id, user_id, night_mode, timezone, is_newsletter) values (21, 21, 1, 'America/New_York', 1);
insert into account_settings (account_settings_id, user_id, night_mode, timezone, is_newsletter) values (22, 22, 1, 'America/New_York', 1);
insert into account_settings (account_settings_id, user_id, night_mode, timezone, is_newsletter) values (23, 23, 1, 'America/New_York', 1);
insert into account_settings (account_settings_id, user_id, night_mode, timezone, is_newsletter) values (24, 24, 1, 'America/New_York', 1);
insert into account_settings (account_settings_id, user_id, night_mode, timezone, is_newsletter) values (25, 25, 1, 'America/New_York', 1);
insert into account_settings (account_settings_id, user_id, night_mode, timezone, is_newsletter) values (26, 26, 1, 'America/New_York', 1);
insert into account_settings (account_settings_id, user_id, night_mode, timezone, is_newsletter) values (27, 27, 1, 'America/New_York', 1);
insert into account_settings (account_settings_id, user_id, night_mode, timezone, is_newsletter) values (28, 28, 1, 'America/New_York', 1);
insert into account_settings (account_settings_id, user_id, night_mode, timezone, is_newsletter) values (29, 29, 1, 'America/New_York', 1);
insert into account_settings (account_settings_id, user_id, night_mode, timezone, is_newsletter) values (30, 30, 1, 'America/New_York', 1);
insert into account_settings (account_settings_id, user_id, night_mode, timezone, is_newsletter) values (31, 31, 1, 'America/New_York', 1);
insert into account_settings (account_settings_id, user_id, night_mode, timezone, is_newsletter) values (32, 32, 1, 'America/New_York', 1);
insert into account_settings (account_settings_id, user_id, night_mode, timezone, is_newsletter) values (33, 33, 1, 'America/New_York', 1);
insert into account_settings (account_settings_id, user_id, night_mode, timezone, is_newsletter) values (34, 34, 1, 'America/New_York', 1);
insert into account_settings (account_settings_id, user_id, night_mode, timezone, is_newsletter) values (35, 35, 1, 'America/New_York', 1);
insert into account_settings (account_settings_id, user_id, night_mode, timezone, is_newsletter) values (36, 36, 1, 'America/New_York', 1);
insert into account_settings (account_settings_id, user_id, night_mode, timezone, is_newsletter) values (37, 37, 1, 'America/New_York', 1);
insert into account_settings (account_settings_id, user_id, night_mode, timezone, is_newsletter) values (38, 38, 1, 'America/New_York', 1);
insert into account_settings (account_settings_id, user_id, night_mode, timezone, is_newsletter) values (39, 39, 1, 'America/New_York', 1);
insert into account_settings (account_settings_id, user_id, night_mode, timezone, is_newsletter) values (40, 40, 1, 'America/New_York', 1);
insert into account_settings (account_settings_id, user_id, night_mode, timezone, is_newsletter) values (41, 41, 1, 'America/New_York', 1);
insert into account_settings (account_settings_id, user_id, night_mode, timezone, is_newsletter) values (42, 42, 1, 'America/New_York', 1);

insert into conversation(conversation_id, user_one, user_two, time) values (1, 13, 11, 1366513972);
insert into conversation(conversation_id, user_one, user_two, time) values (2, 3, 4, 1366623972);
insert into conversation(conversation_id, user_one, user_two, time) values (3, 14, 17, 1366534356);
insert into conversation(conversation_id, user_one, user_two, time) values (4, 1, 2, 1366513972);
insert into conversation(conversation_id, user_one, user_two, time) values (5, 20, 23, 1367622111);
insert into conversation(conversation_id, user_one, user_two, time) values (6, 40, 41, 1366523000);
insert into conversation(conversation_id, user_one, user_two, time) values (7, 33, 35, 1366513972);
insert into conversation(conversation_id, user_one, user_two, time) values (8, 16, 17, 1366712352);
insert into conversation(conversation_id, user_one, user_two, time) values (9, 12, 19, 1366854572);
insert into conversation(conversation_id, user_one, user_two, time) values (10, 25, 27, 1366883972);

insert into conversation_reply(conversation_reply_id, reply, user_id, time, conversation_id) values (1, 'Cześć', 11, 1366513972, 1);
insert into conversation_reply(conversation_reply_id, reply, user_id, time, conversation_id) values (2, 'Cześć Millard. Chcesz iść ze mną na film?', 13, 1366514567, 1);
insert into conversation_reply(conversation_reply_id, reply, user_id, time, conversation_id) values (3, 'Chętnie', 11, 1366515467, 1);

insert into conversation_reply(conversation_reply_id, reply, user_id, time, conversation_id) values (4, 'Hej, oglądałeś batmana?', 4, 1366623972, 2);
insert into conversation_reply(conversation_reply_id, reply, user_id, time, conversation_id) values (5, 'Nie', 3, 1366623999, 2);
insert into conversation_reply(conversation_reply_id, reply, user_id, time, conversation_id) values (6, 'Bardzo fajny film, polecam', 4, 1366624972, 2);

insert into conversation_reply(conversation_reply_id, reply, user_id, time, conversation_id) values (7, 'Lubisz filmy Stanleya Kubricka?', 17, 1366534356, 3);
insert into conversation_reply(conversation_reply_id, reply, user_id, time, conversation_id) values (8, 'Tak, oglądałem Lśnienie i bardzo mi się podobało', 14, 1366624572, 3);
insert into conversation_reply(conversation_reply_id, reply, user_id, time, conversation_id) values (9, 'Ja widziałem Odyseje Kosmiczną i też mi się bardzo podobało', 17, 1366625231, 3);
insert into conversation_reply(conversation_reply_id, reply, user_id, time, conversation_id) values (10, 'To fajnie', 14, 1366627865, 3);

insert into conversation_reply(conversation_reply_id, reply, user_id, time, conversation_id) values (11, 'Hej jaki serial polecasz?', 2, 1366516512, 4);
insert into conversation_reply(conversation_reply_id, reply, user_id, time, conversation_id) values (12, 'Polecam serial pod tytułem "Młody Papież".', 1, 1366536691, 4);
insert into conversation_reply(conversation_reply_id, reply, user_id, time, conversation_id) values (13, 'Dzięki.', 2, 1366539201, 4);

insert into conversation_reply(conversation_reply_id, reply, user_id, time, conversation_id) values (14, 'Hej', 23, 1367622111, 5);
insert into conversation_reply(conversation_reply_id, reply, user_id, time, conversation_id) values (15, 'Hej', 20, 1367622222, 5);
insert into conversation_reply(conversation_reply_id, reply, user_id, time, conversation_id) values (16, 'Co tam?', 23, 1367625467, 5);
insert into conversation_reply(conversation_reply_id, reply, user_id, time, conversation_id) values (17, 'Dobrze, a tam?', 20, 1367626565, 5);
insert into conversation_reply(conversation_reply_id, reply, user_id, time, conversation_id) values (18, 'W porządku', 23, 1367670000, 5);
insert into conversation_reply(conversation_reply_id, reply, user_id, time, conversation_id) values (19, 'To dobrze', 20, 1367671234, 5);

insert into conversation_reply(conversation_reply_id, reply, user_id, time, conversation_id) values (20, 'Witam', 41, 1366523000, 6);
insert into conversation_reply(conversation_reply_id, reply, user_id, time, conversation_id) values (21, 'Witam', 40, 1366524444, 6);
insert into conversation_reply(conversation_reply_id, reply, user_id, time, conversation_id) values (22, 'Dobranoc', 41, 1366526000, 6);
insert into conversation_reply(conversation_reply_id, reply, user_id, time, conversation_id) values (23, 'Dobranoc', 40, 1366527132, 6);

insert into conversation_reply(conversation_reply_id, reply, user_id, time, conversation_id) values (24, 'Hej', 35, 1366526564, 7);
insert into conversation_reply(conversation_reply_id, reply, user_id, time, conversation_id) values (25, 'Hej', 33, 1366535401, 7);
insert into conversation_reply(conversation_reply_id, reply, user_id, time, conversation_id) values (26, 'Hej', 35, 1366536011, 7);
insert into conversation_reply(conversation_reply_id, reply, user_id, time, conversation_id) values (27, 'Hej', 33, 1366537654, 7);

insert into conversation_reply(conversation_reply_id, reply, user_id, time, conversation_id) values (28, 'Hej', 17, 1366712352, 8);
insert into conversation_reply(conversation_reply_id, reply, user_id, time, conversation_id) values (29, 'Hej', 16, 1366742352, 8);
insert into conversation_reply(conversation_reply_id, reply, user_id, time, conversation_id) values (30, 'Hej', 17, 1366762352, 8);
insert into conversation_reply(conversation_reply_id, reply, user_id, time, conversation_id) values (31, 'Hej', 16, 1366772352, 8);

insert into conversation_reply(conversation_reply_id, reply, user_id, time, conversation_id) values (32, 'Lorem ipsum dolor sit amet, consectetur adipiscing elit, sed do eiusmod tempor incididunt ut labore et dolore magna aliqua. ', 19, 1366854572, 9);
insert into conversation_reply(conversation_reply_id, reply, user_id, time, conversation_id) values (33, 'Ut enim ad minim veniam, quis nostrud exercitation ullamco laboris nisi ut aliquip ex ea commodo consequat.', 12, 1366864572, 9);
insert into conversation_reply(conversation_reply_id, reply, user_id, time, conversation_id) values (34, 'Duis aute irure dolor in reprehenderit in voluptate velit esse cillum dolore eu fugiat nulla pariatur.', 19, 1366874572, 9);
insert into conversation_reply(conversation_reply_id, reply, user_id, time, conversation_id) values (35, 'Excepteur sint occaecat cupidatat non proident, sunt in culpa qui officia deserunt mollit anim id est laborum.', 12, 1366884572, 9);

insert into conversation_reply(conversation_reply_id, reply, user_id, time, conversation_id) values (36, 'Sed ut perspiciatis unde omnis iste natus error sit voluptatem accusantium doloremque laudantium, totam rem aperiam, eaque ipsa quae ab illo inventore veritatis et quasi architecto beatae vitae dicta sunt explicabo.', 27, 1366883972, 10);
insert into conversation_reply(conversation_reply_id, reply, user_id, time, conversation_id) values (37, 'Nemo enim ipsam voluptatem quia voluptas sit aspernatur aut odit aut fugit, sed quia consequuntur magni dolores eos qui ratione voluptatem sequi nesciunt. Neque porro quisquam est, qui dolorem ipsum quia dolor sit amet, consectetur, adipisci velit, sed quia non numquam eius modi tempora incidunt ut labore et dolore magnam aliquam quaerat voluptatem. ', 25, 1366884972, 10);
insert into conversation_reply(conversation_reply_id, reply, user_id, time, conversation_id) values (38, 'Ut enim ad minima veniam, quis nostrum exercitationem ullam corporis suscipit laboriosam, nisi ut aliquid ex ea commodi consequatur?', 27, 1366885972, 10);
insert into conversation_reply(conversation_reply_id, reply, user_id, time, conversation_id) values (39, ' Quis autem vel eum iure reprehenderit qui in ea voluptate velit esse quam nihil molestiae consequatur, vel illum qui dolorem eum fugiat quo voluptas nulla pariatur?', 25, 1366886972, 10);
